"patch","doy","crop","sm_30","sm_60","sm_90","band_1","band_2","band_3","band_4","band_5","band_6","band_7","band_8","Aspect_1m","DEM_1m","Slope_1m","TWI","lon","lat","cluster","NDVI","GNDVI","EVI","NDRE","MCARI","LCCI","nmin_90"
"12",316,"CC1",26.6167756368237,20.7943305596182,17.2641081880573,NA,458,NA,703,NA,532,NA,2371,62.359627,80.96,1.6974497,4.2121434,14.134927465579,52.4464441423173,5,0.633482604202549,0.542615484710475,2.15946453734147,NA,NA,NA,3.47333333333333
"51",316,"CC1",13.5798018184397,11.5202063827278,10.9153174975106,NA,539,NA,883,NA,721,NA,3848,142.12099,72.66,0.81654674,4.944166,14.1393434424512,52.4458643526286,4,0.684394834755964,0.626717395899387,1.89171203871748,NA,NA,NA,4.75
"59",316,"Rye",14.5978664117773,10.9713974180957,14.7428304160998,NA,895,NA,1222,NA,1474,NA,2548,126.46646,72.13,2.047798,6.1038136,14.1402688535202,52.4465861372316,4,0.267031327697663,0.351724137931034,0.573656660613182,NA,NA,NA,20.2433333333333
"60",316,"CC1",20.0762729959682,13.2207437461972,10.7183580303638,NA,512,NA,918,NA,685,NA,3583,319.39972,72.4,2.6392844,6.86139,14.1404007015269,52.445933060942,4,0.679006560449859,0.592090646522995,1.8798650752465,NA,NA,NA,1.84666666666667
"66",316,"CC1",22.7395746156978,18.6041814869785,13.0549068727359,NA,611,NA,935,NA,765,NA,3374,90.0046,72.95,2.7193222,5.8198705,14.1410482157739,52.447947700967,0,0.630345494080696,0.566024599675099,1.92830746489283,NA,NA,NA,2.4
"73",316,"Rap",26.5103606656458,21.283163309115,21.1923079762305,NA,661,NA,908,NA,672,NA,4667,199.29083,74.02,3.0325541,5.8825154,14.1419920646236,52.448667792781,0,0.748267465817569,0.674260089686099,2.6686706746827,NA,NA,NA,11.12
"76",316,"WOats",18.7699726760485,13.5521841199107,9.95893106752627,NA,783,NA,988,NA,1203,NA,1894,146.28304,70.67,0.51658386,5.4020534,14.1421135609982,52.4467136260298,4,0.223119147562157,0.314365024288688,0.533096744329579,NA,NA,NA,29.28
"81",316,"Bar",23.2543880573971,20.6072362524469,22.154957752777,NA,697,NA,1015,NA,930,NA,2869,142.12816,74.82,2.448353,4.944151,14.1430031008383,52.4489951928179,0,0.510397473019216,0.477342945417096,1.50426687354538,NA,NA,NA,39.08
"89",316,"Rye",17.0280208260405,14.9774463667193,18.2070446784823,NA,822,NA,1054,NA,1294,NA,2196,128.29315,71.99,1.7330164,7.3268886,14.1439102253741,52.4484097848587,3,0.258452722063037,0.351384615384615,0.59404636459431,NA,NA,NA,18.0366666666667
"95",316,"WOats",14.519108511815,10.0524409336903,9.85359874266028,NA,794,NA,1147,NA,1420,NA,2203,159.44875,70.74,1.2238753,7.0242953,14.1452327097831,52.4485049887166,3,0.216119238200386,0.315223880597015,0.410463409519815,NA,NA,NA,13.7966666666667
"96",316,"CC1",15.39591572253,9.86789765866928,11.4671818947947,NA,617,NA,980,NA,827,NA,4009,144.45996,70.21,0.61588645,4.5330696,14.1450955727014,52.4478419588227,3,0.657981803143094,0.607135698536781,1.83105075382668,NA,NA,NA,5.86
"102",316,"CC1",15.6835103987765,11.6751586963046,12.5816476797012,NA,562,NA,884,NA,775,NA,3306,89.98907,69.8,1.1455706,5.298674,14.1461502169532,52.4479197247163,3,0.620191129625092,0.578042959427208,1.69094067343666,NA,NA,NA,3.05
"105",316,"CC1",16.4083108819937,13.1052042185178,15.4729587084699,NA,501,NA,876,NA,652,NA,3738,84.80127,70.43,0.79113495,4.282639,14.1472057063592,52.4493017352567,1,0.702961275626424,0.620286085825748,1.98150764094003,NA,NA,NA,2.22333333333333
"114",316,"CC1",16.5245835654242,13.7152586400548,19.1144040668102,NA,587,NA,862,NA,650,NA,3504,82.691864,70,2.813887,6.1040874,14.1493077762792,52.4494639260661,1,0.687048627828599,0.605130554283097,2.37635303913406,NA,NA,NA,3.39
"115",316,"WOats",17.792945861283,14.3649920946469,11.5761485479778,NA,588,NA,744,NA,958,NA,1752,135,67.78,0.8104037,5.357184,14.1494371687234,52.4488110440192,1,0.292988929889299,0.403846153846154,0.642186994500162,NA,NA,NA,18.5766666666667
"12",33,"CC1",27.0222579615858,22.1619643294218,23.3982091823082,NA,349,NA,590,NA,557,NA,1911,62.359627,80.96,1.6974497,4.2121434,14.134927465579,52.4464441423173,5,0.548622366288493,0.528188724510196,1.28389910866679,NA,NA,NA,10.5133333333333
"21",33,"Rap",27.8249479503486,21.7070969409796,23.4222098316439,NA,391,NA,797,NA,538,NA,4224,186.63504,77.64,3.0973403,4.3031917,14.1361661431791,52.4456346956956,5,0.774044519109618,0.682533359888468,2.03849131733215,NA,NA,NA,6.91333333333333
"39",33,"Rap",30.2622038190864,26.9107329772824,26.1240257308564,NA,386,NA,750,NA,609,NA,3645,256.4272,76.14,2.1354916,7.777892,14.1379889453182,52.4473215672708,2,0.713681241184767,0.658703071672355,1.72304199772985,NA,NA,NA,12.14
"40",33,"CC1",21.640406298053,19.8751270584049,21.063742748413,NA,349,NA,511,NA,603,NA,2374,173.67473,74.38,0.64869124,10.542628,14.1380916274437,52.4466804094467,2,0.594894188780652,0.645753899480069,1.31165753221745,NA,NA,NA,5.35666666666667
"49",33,"Bar",27.5194406055675,21.759163919828,23.3833251366372,NA,368,NA,781,NA,656,NA,2874,0,77.08,1.4321835,4.7876196,14.1387913590246,52.4473816685676,2,0.628328611898017,0.572640218878249,1.36879782769686,NA,NA,NA,15.6033333333333
"51",33,"CC1",15.7024017585358,12.0908990580089,11.9607773719959,NA,282,NA,450,NA,532,NA,1656,142.12099,72.66,0.81654674,4.944166,14.1393434424512,52.4458643526286,4,0.513711151736746,0.572649572649573,1.02779809802487,NA,NA,NA,0.733333333333333
"58",33,"CC2",26.9123642771064,21.205738715781,21.9599962572445,NA,364,NA,959,NA,716,NA,2747,109.97992,75.08,1.6760719,6.965665,14.1400659815903,52.4474708151722,4,0.58648570603523,0.48246087425796,1.17698191933241,NA,NA,NA,18.1866666666667
"59",33,"Rye",15.0606319386467,11.6807856018512,15.5447263824423,NA,466,NA,855,NA,1008,NA,2531,126.46646,72.13,2.047798,6.1038136,14.1402688535202,52.4465861372316,4,0.430347555806725,0.494979326639102,0.748770894788594,NA,NA,NA,6.29
"60",33,"CC1",21.6046734590334,13.3684624918966,11.5002541383804,NA,279,NA,416,NA,534,NA,1540,319.39972,72.4,2.6392844,6.86139,14.1404007015269,52.445933060942,4,0.485053037608486,0.574642126789366,0.948162111215834,NA,NA,NA,0.963333333333333
"65",33,"CC2",31.2957289607084,22.5182259671166,21.5716670243177,NA,406,NA,858,NA,664,NA,2765,33.66317,73.35,0.51652324,7.0116086,14.1408841089601,52.4488366903575,0,0.612715077282006,0.526359370687276,1.41767881241565,NA,NA,NA,16.6966666666667
"66",33,"CC1",23.1717255662071,19.4894882097643,19.5226284145044,NA,376,NA,571,NA,546,NA,2268,90.0046,72.95,2.7193222,5.8198705,14.1410482157739,52.447947700967,0,0.611940298507463,0.597745685100388,1.57981651376147,NA,NA,NA,2.75666666666667
"73",33,"Rap",27.0976695587825,21.3248772130486,22.5995524266905,NA,402,NA,768,NA,551,NA,4615,199.29083,74.02,3.0325541,5.8825154,14.1419920646236,52.448667792781,0,0.786682152535811,0.714657254319153,2.07051151416344,NA,NA,NA,5.58
"74",33,"Whe",29.2645201052957,20.1093982276139,19.0486786196836,NA,501,NA,738,NA,860,NA,2335,196.70004,72.06,1.4949938,6.8241205,14.1420644177065,52.448275154544,0,0.461658841940532,0.519687601692158,0.986358165039454,NA,NA,NA,67.9233333333333
"76",33,"WOats",18.5156695155931,13.3758801456517,9.6273964736366,NA,392,NA,620,NA,761,NA,2061,146.28304,70.67,0.51658386,5.4020534,14.1421135609982,52.4467136260298,4,0.460666194188519,0.537486012681835,0.881236442516269,NA,NA,NA,6.45
"81",33,"Bar",24.2230029350597,20.6977818452284,22.6283257510747,NA,399,NA,800,NA,759,NA,2932,142.12816,74.82,2.448353,4.944151,14.1430031008383,52.4489951928179,0,0.588729341641831,0.571275455519829,1.20869952163756,NA,NA,NA,17.13
"90",33,"Fal",15.7355864991766,11.1463703128756,6.85074870614436,NA,485,NA,750,NA,1072,NA,1934,183.36948,70.16,1.2195559,5.236072,14.1443648851581,52.4475387689377,3,0.286759813705922,0.441132637853949,0.455650703034147,NA,NA,NA,42.0566666666667
"95",33,"WOats",14.6677651706559,10.1427196096439,9.86165817155061,NA,496,NA,788,NA,967,NA,2184,159.44875,70.74,1.2238753,7.0242953,14.1452327097831,52.4485049887166,3,0.386226594731831,0.46971736204576,0.713030232013124,NA,NA,NA,4.47333333333333
"96",33,"CC1",16.0312445482792,10.8514318258035,12.289564242875,NA,288,NA,453,NA,512,NA,1903,144.45996,70.21,0.61588645,4.5330696,14.1450955727014,52.4478419588227,3,0.575983436853002,0.615449915110357,1.23490767045455,NA,NA,NA,3.20666666666667
"102",33,"CC1",15.8703011099028,12.8496705435497,14.6282789867884,NA,314,NA,532,NA,667,NA,1942,89.98907,69.8,1.1455706,5.298674,14.1461502169532,52.4479197247163,3,0.488692985818321,0.569927243330639,0.887883008356546,NA,NA,NA,3.35666666666667
"105",33,"CC1",16.3661133190181,14.8436830280917,16.883519520053,NA,336,NA,492,NA,582,NA,1648,84.80127,70.43,0.79113495,4.282639,14.1472057063592,52.4493017352567,1,0.478026905829596,0.540186915887851,1.01678748569248,NA,NA,NA,1.87
"115",33,"WOats",18.2451529001066,14.6946413302602,12.5930688959291,NA,397,NA,717,NA,740,NA,1766,135,67.78,0.8104037,5.357184,14.1494371687234,52.4488110440192,1,0.409417398244214,0.422472815142972,0.794240594519275,NA,NA,NA,8.31666666666667
"20",209,"Whe",9.36312920028945,8.77808049043081,13.4380679285565,NA,527.75,NA,761.5,NA,980.25,NA,2232.25,91.84943,79.5,2.2202392,7.0344896,14.13579069427,52.4462646980126,5,0.389727626459144,0.491273486430063,0.75301476558506,NA,NA,NA,1.40333333333333
"49",203,"Bar",18.3261034046621,10.2996806961116,13.4943694958814,NA,785,NA,1342.5,NA,1994.25,NA,3845.25,0,77.08,1.4321835,4.7876196,14.1387913590246,52.4473816685676,2,0.316979193424095,0.482434581465953,0.466282086807567,NA,NA,NA,2.06
"50",209,"Whe",11.8978815312358,10.6183129011604,13.5228137745401,NA,509.5,NA,743.5,NA,952.75,NA,2072.75,140.4368,75.26,2.1358428,4.898529,14.1391503869496,52.4467583166469,2,0.370186745992398,0.471992898357745,0.705467372134039,NA,NA,NA,1.66666666666667
"59",203,"Rye",13.4583783287281,7.80786613558908,7.15122690812171,NA,759,NA,1212,NA,1715,NA,3305.25,126.46646,72.13,2.047798,6.1038136,14.1402688535202,52.4465861372316,4,0.316767093272247,0.463390337041342,0.503004902736043,NA,NA,NA,2.51666666666667
"60",280,"Sun",9.75612538586771,5.48367783652115,4.98301519784898,NA,658,NA,990,NA,1354,NA,2157,319.39972,72.4,2.6392844,6.86139,14.1404007015269,52.445933060942,4,0.228709769296497,0.370829361296473,0.375444174303348,NA,NA,NA,3.97333333333333
"68",203,"Lup",8.26643596876694,6.20818862353004,7.67918927449965,NA,539,NA,943.5,NA,1056.25,NA,3256,110.22955,71.21,1.4497089,6.0747347,14.1412604537066,52.4469128433194,4,0.510116528494405,0.550660792951542,0.990521433717579,NA,NA,NA,3.57333333333333
"73",209,"Rap",20.2853314171308,11.9707913577977,14.2110456600001,NA,883.75,NA,1367.75,NA,1934,NA,3696.5,199.29083,74.02,3.0325541,5.8825154,14.1419920646236,52.448667792781,0,0.313027262232484,0.459841042602557,0.508020234337844,NA,NA,NA,1.67
"74",209,"Whe",9.73441894254515,6.03603202018514,5.47060454786813,NA,463.5,NA,718,NA,919.75,NA,2030.5,196.70004,72.06,1.4949938,6.8241205,14.1420644177065,52.448275154544,0,0.376493517498517,0.477533199927233,0.681650813132863,NA,NA,NA,6.94666666666667
"76",203,"WOats",15.0443826635704,7.35099159497092,5.62541511703598,NA,600.75,NA,954,NA,1302.5,NA,2611.5,146.28304,70.67,0.51658386,5.4020534,14.1421135609982,52.4467136260298,4,0.334440470107307,0.464871687000421,0.552612137203166,NA,NA,NA,1.83333333333333
"81",203,"Bar",16.3381247059564,9.51348486325891,12.8438937776111,NA,744,NA,1258.75,NA,1878.75,NA,3585.25,142.12816,74.82,2.448353,4.944151,14.1430031008383,52.4489951928179,0,0.312316983894583,0.480284888521883,0.459787148053348,NA,NA,NA,1.41
"89",203,"Rye",12.6323996898627,6.44340700684602,9.07469646619552,NA,760.25,NA,1235.75,NA,1799.25,NA,3413.75,128.29315,71.99,1.7330164,7.3268886,14.1439102253741,52.4484097848587,3,0.309706502973336,0.468437466394236,0.47438553190239,NA,NA,NA,1.51666666666667
"90",203,"Lup",12.7805348539234,7.40843710899943,6.62440722991723,NA,552.5,NA,945.5,NA,1020.25,NA,3468.5,183.36948,70.16,1.2195559,5.236072,14.1443648851581,52.4475387689377,3,0.54541910331384,0.571590394200272,1.12361742163477,NA,NA,NA,2.49333333333333
"95",203,"WOats",12.7313657952439,8.17691916861505,7.23779942007859,NA,600.75,NA,933,NA,1225.75,NA,2494,159.44875,70.74,1.2238753,7.0242953,14.1452327097831,52.4485049887166,3,0.340950332683648,0.455500437700613,0.593319454515684,NA,NA,NA,2.70333333333333
"96",280,"Sun",11.3692647224521,3.74044988218685,7.05139182700999,NA,579,NA,997,NA,1261,NA,2253,144.45996,70.21,0.61588645,4.5330696,14.1450955727014,52.4478419588227,3,0.28229937393284,0.386461538461538,0.452761296211775,NA,NA,NA,3.74
"105",280,"Sun",10.0340636918571,4.54667818704596,8.78904246978106,NA,602,NA,927,NA,1298,NA,2242,84.80127,70.43,0.79113495,4.282639,14.1472057063592,52.4493017352567,1,0.266666666666667,0.414957399810666,0.427846265409717,NA,NA,NA,4.13333333333333
"110",203,"Lup",9.29226909794703,6.69432549582477,11.8678734756944,NA,528,NA,846,NA,945.5,NA,3170.75,279.45758,70.19,1.7419513,5.690326,14.1482420623016,52.4493808888657,1,0.540601275432736,0.578763926059625,1.13887609396591,NA,NA,NA,12.0433333333333
"115",203,"WOats",14.1238066745649,7.91104706180481,5.82142081650474,NA,620.25,NA,999.5,NA,1410.5,NA,2820,135,67.78,0.8104037,5.357184,14.1494371687234,52.4488110440192,1,0.333175747547571,0.476633067155387,0.531315377801233,NA,NA,NA,2.28666666666667
"119",59,"CC3",16.8270741223373,11.1244211468983,14.3020061171574,NA,464,NA,735,NA,769,NA,2325,299.05707,69.33,1.4743903,5.0462446,14.1504930684504,52.4488922986153,1,0.502908855850032,0.519607843137255,1.1242774566474,NA,NA,NA,3.65666666666667
"115",59,"CC3",18.5247861804468,13.9888643727768,11.6158524852728,NA,534,NA,798,NA,891,NA,2169,135,67.78,0.8104037,5.357184,14.1494371687234,52.4488110440192,1,0.417647058823529,0.462082912032356,0.909997151808602,NA,NA,NA,3.44666666666667
"114",59,"Fal",15.5032277671735,12.6348067070784,17.9438208651597,NA,643,NA,1002,NA,1153,NA,2219,82.691864,70,2.813887,6.1040874,14.1493077762792,52.4494639260661,1,0.316132858837485,0.377832971126979,0.617541420461128,NA,NA,NA,19.3066666666667
"110",59,"Rye",17.2979972191282,14.180909509212,17.6486487973974,NA,410,NA,728,NA,703,NA,2910,279.45758,70.19,1.7419513,5.690326,14.1482420623016,52.4493808888657,1,0.610849709382784,0.59978009895547,1.36100148001973,NA,NA,NA,6.1
"105",59,"Woats",18.5049551348596,12.8752544495527,15.4544968935915,NA,557,NA,891,NA,982,NA,2162,84.80127,70.43,0.79113495,4.282639,14.1472057063592,52.4493017352567,1,0.375318066157761,0.416311824434982,0.76079948420374,NA,NA,NA,8.57
"102",59,"Fal",17.6848205012118,15.4269568783392,17.1985293766024,NA,695,NA,973,NA,1195,NA,2165,89.98907,69.8,1.1455706,5.298674,14.1461502169532,52.4479197247163,3,0.288690476190476,0.379859783301466,0.588092639747787,NA,NA,NA,27.6233333333333
"95",59,"CC3",14.6585731952287,10.244840935351,9.957471483507,NA,602,NA,943,NA,1143,NA,2230,159.44875,70.74,1.2238753,7.0242953,14.1452327097831,52.4485049887166,3,0.322265045953157,0.405609832965648,0.594118933100131,NA,NA,NA,3.44333333333333
"96",59,"Woats",15.5401246017717,9.19231257908436,11.1731640978749,NA,705,NA,1113,NA,1316,NA,2344,144.45996,70.21,0.61588645,4.5330696,14.1450955727014,52.4478419588227,3,0.280874316939891,0.356089094590686,0.518825073180579,NA,NA,NA,6.44
"90",59,"Rye",16.1845427257735,11.758493847059,10.1279069411537,NA,426,NA,800,NA,696,NA,3368,183.36948,70.16,1.2195559,5.236072,14.1443648851581,52.4475387689377,3,0.65748031496063,0.616122840690979,1.53563218390805,NA,NA,NA,1.06
"89",59,"CC3",16.9489541533745,14.857448389364,18.1634333064935,NA,540,NA,851,NA,943,NA,2405,128.29315,71.99,1.7330164,7.3268886,14.1439102253741,52.4484097848587,3,0.436678614097969,0.477272727272727,0.91056302939711,NA,NA,NA,17.92
"81",59,"CC3",23.2665022798381,19.547252488551,22.0087030798206,NA,583,NA,929,NA,1008,NA,2172,142.12816,74.82,2.448353,4.944151,14.1430031008383,52.4489951928179,0,0.366037735849057,0.400838439213157,0.756138755359231,NA,NA,NA,6.05666666666667
"76",59,"CC3",18.8150226858508,12.7909971483395,10.3012361281387,NA,550,NA,866,NA,1029,NA,2016,146.28304,70.67,0.51658386,5.4020534,14.1421135609982,52.4467136260298,4,0.324137931034483,0.399028452463567,0.606861780619774,NA,NA,NA,4.32
"74",59,"Rap",26.8283421341189,17.9730963443853,18.3657930402442,NA,472,NA,827,NA,787,NA,3192,196.70004,72.06,1.4949938,6.8241205,14.1420644177065,52.448275154544,0,0.604423221915054,0.588454839512316,1.37428571428571,NA,NA,NA,3.47333333333333
"73",59,"Bar",27.0611756397255,20.8107804613925,23.0269047272614,NA,377,NA,810,NA,545,NA,4342,199.29083,74.02,3.0325541,5.8825154,14.1419920646236,52.448667792781,0,0.776959279721711,0.68555900621118,1.98359628043047,NA,NA,NA,7.34
"68",59,"Rye",16.9081457116825,12.9226316177684,15.614123555614,NA,474,NA,862,NA,800,NA,3349,110.22955,71.21,1.4497089,6.0747347,14.1412604537066,52.4469128433194,4,0.614364907206556,0.590596057943481,1.38683351468988,NA,NA,NA,1.28
"66",59,"Fal",22.9172499095384,18.1604808324799,19.2066302143125,NA,629,NA,1031,NA,1237,NA,2027,90.0046,72.95,2.7193222,5.8198705,14.1410482157739,52.447947700967,0,0.24203431372549,0.325703073904513,0.417326994189118,NA,NA,NA,23.7333333333333
"65",59,"Whe",28.7302097189336,21.7012038076877,19.9731294282583,NA,636,NA,1010,NA,1149,NA,2403,33.66317,73.35,0.51652324,7.0116086,14.1408841089601,52.4488366903575,0,0.353040540540541,0.40814532669206,0.692358657243816,NA,NA,NA,72.7033333333333
"60",59,"Woats",19.0448511770043,11.8988847599092,10.2969281704492,NA,606,NA,925,NA,1089,NA,2141,319.39972,72.4,2.6392844,6.86139,14.1404007015269,52.445933060942,4,0.325696594427245,0.396607958251794,0.636649721617042,NA,NA,NA,5.75333333333333
"59",59,"CC3",14.5853390055918,11.4937711150387,15.6565146337083,NA,706,NA,1121,NA,1329,NA,2439,126.46646,72.13,2.047798,6.1038136,14.1402688535202,52.4465861372316,4,0.294585987261146,0.370224719101124,0.542098066028521,NA,NA,NA,5.90666666666667
"58",59,"Whe",25.1818914006677,21.1051083411884,21.8016531490418,NA,581,NA,1021,NA,1187,NA,2316,109.97992,75.08,1.6760719,6.965665,14.1400659815903,52.4474708151722,4,0.322295175563802,0.388073119568475,0.555446226507921,NA,NA,NA,21.4833333333333
"51",59,"Fal",17.9019443606436,11.6624863753044,11.2901590181048,NA,686,NA,1060,NA,1295,NA,2241,142.12099,72.66,0.81654674,4.944166,14.1393434424512,52.4458643526286,4,0.267533936651584,0.357770372614359,0.485925621532772,NA,NA,NA,11.0266666666667
"50",59,"Rap",25.7790088301767,21.0483708348011,20.4760419737115,NA,557,NA,882,NA,881,NA,3071,140.4368,75.26,2.1358428,4.898529,14.1391503869496,52.4467583166469,2,0.55414979757085,0.553756640526183,1.30965195550771,NA,NA,NA,1.62666666666667
"49",59,"CC3",26.155391547598,20.1046755510186,22.443158955273,NA,553,NA,864,NA,974,NA,2254,0,77.08,1.4321835,4.7876196,14.1387913590246,52.4473816685676,2,0.396530359355638,0.445798588838999,0.809819056054663,NA,NA,NA,7.24
"40",59,"Fal",21.4044934814334,20.0530264389236,20.5770386146851,NA,567,NA,891,NA,1091,NA,2169,173.67473,74.38,0.64869124,10.542628,14.1380916274437,52.4466804094467,2,0.330674846625767,0.417647058823529,0.603786266382883,NA,NA,NA,19.04
"39",59,"Bar",28.1262713236518,24.7637401975969,25.1262303941264,NA,374,NA,852,NA,574,NA,3683,256.4272,76.14,2.1354916,7.777892,14.1379889453182,52.4473215672708,2,0.730326521024195,0.62425578831312,1.79794124450613,NA,NA,NA,5.15333333333333
"21",59,"Bar",26.3354421674744,21.5252808085026,23.642429036546,NA,408,NA,794,NA,582,NA,4098,186.63504,77.64,3.0973403,4.3031917,14.1361661431791,52.4456346956956,5,0.751282051282051,0.675388389206868,1.93996910174354,NA,NA,NA,5.48
"20",59,"Rap",25.8725136673641,20.4625322766513,23.4617215848475,NA,543,NA,824,NA,872,NA,2820,91.84943,79.5,2.2202392,7.0344896,14.13579069427,52.4462646980126,5,0.52762730227519,0.54774972557629,1.22346438889587,NA,NA,NA,4.02666666666667
"19",59,"Whe",27.1914329536936,22.1348004461134,23.8201466829734,NA,619,NA,940,NA,1102,NA,2287,60.945396,78.88,2.2109225,6.087723,14.1356152463121,52.4471455920046,5,0.349660666863382,0.41741555624419,0.695830886670581,NA,NA,NA,25.2633333333333
"13",59,"CC3",24.2531781750893,20.5819398747469,21.7587983907632,NA,649,NA,953,NA,1099,NA,2077,85.596664,80.89,1.8668156,4.52244,14.1349516888755,52.4464441423173,5,0.307934508816121,0.370957095709571,0.642660007885399,NA,NA,NA,7.21
"12",59,"Fal",25.9671925193998,21.4904025601876,22.8141501308477,NA,584,NA,1014,NA,1129,NA,2127,62.359627,80.96,1.6974497,4.2121434,14.134927465579,52.4464441423173,5,0.306511056511057,0.354345749761223,0.551747014595312,NA,NA,NA,23.59
"119",344,"CC3",16.5395473300503,10.9076525640905,13.3590032388811,NA,244.5,NA,660,NA,352,NA,3114,299.05707,69.33,1.4743903,5.0462446,14.1504930684504,52.4488922986153,1,0.796884016156953,0.650238473767886,2.03492227215796,NA,NA,NA,14.02
"115",344,"CC3",17.9706208478408,12.8001121328107,9.71241329020808,NA,249,NA,696,NA,392.5,NA,3665,135,67.78,0.8104037,5.357184,14.1494371687234,52.4488110440192,1,0.806531115218731,0.680807154322403,1.96972432887926,NA,NA,NA,14.1966666666667
"114",344,"Fal",14.8312444242766,10.990222515095,14.0014806450568,NA,307,NA,580,NA,697,NA,1666,82.691864,70,2.813887,6.1040874,14.1493077762792,52.4494639260661,1,0.410071942446043,0.483526268922529,0.683067813337093,NA,NA,NA,19.7833333333333
"110",344,"Rye",15.4238647557841,11.0312338589411,12.8826078920379,NA,302.5,NA,670.5,NA,448.5,NA,3470,279.45758,70.19,1.7419513,5.690326,14.1482420623016,52.4493808888657,1,0.77108587469695,0.676126071730467,1.94021704231683,NA,NA,NA,17.8366666666667
"105",344,"Woats",17.326098653477,11.1564132297062,10.5459501258475,NA,348,NA,807.5,NA,524.5,NA,2978,84.80127,70.43,0.79113495,4.282639,14.1472057063592,52.4493017352567,1,0.700499643112063,0.573372077664773,1.74452502844141,NA,NA,NA,15.0366666666667
"102",344,"Fal",15.8735935795781,12.2183306956847,14.1897346335713,NA,304.5,NA,610,NA,753,NA,1657.5,89.98907,69.8,1.1455706,5.298674,14.1461502169532,52.4479197247163,3,0.375233354075918,0.461962513781698,0.580887547363689,NA,NA,NA,12.7133333333333
"95",344,"CC3",14.2920807198638,10.0270140008441,9.04331484971179,NA,230.5,NA,727.5,NA,335.5,NA,4216.5,159.44875,70.74,1.2238753,7.0242953,14.1452327097831,52.4485049887166,3,0.852592267135325,0.705703883495146,2.15527294940856,NA,NA,NA,13.2966666666667
"96",344,"Woats",14.9787125774479,8.56903249519127,10.6466433872561,NA,367.5,NA,716.5,NA,691,NA,2186.5,144.45996,70.21,0.61588645,4.5330696,14.1450955727014,52.4478419588227,3,0.519721980886186,0.506372717878057,1.0451464113495,NA,NA,NA,17.82
"90",344,"Rye",15.5113360907851,10.7263246906023,7.63977315070441,NA,316,NA,795.5,NA,379,NA,4435,183.36948,70.16,1.2195559,5.236072,14.1443648851581,52.4475387689377,3,0.842542584129622,0.695822579103336,2.33640552995392,NA,NA,NA,11.9433333333333
"89",344,"CC3",16.167034321764,13.0816273515707,13.9238103583342,NA,308,NA,791,NA,456.5,NA,3775,128.29315,71.99,1.7330164,7.3268886,14.1439102253741,52.4484097848587,3,0.784237268108236,0.653526062198861,1.97294887039239,NA,NA,NA,20.2966666666667
"81",344,"CC3",21.4773803365534,16.7355255898986,13.6176697153928,NA,275.5,NA,783,NA,481,NA,3952.5,142.12816,74.82,2.448353,4.944151,14.1430031008383,52.4489951928179,0,0.783015676102402,0.669306303452645,1.8182056250982,NA,NA,NA,9.25666666666667
"76",344,"CC3",18.283879513989,12.3493260657149,9.03341064679703,NA,231.5,NA,671.5,NA,352,NA,3865.5,146.28304,70.67,0.51658386,5.4020534,14.1421135609982,52.4467136260298,4,0.833076467101363,0.703989420321799,2.07054039719488,NA,NA,NA,10.8633333333333
"74",344,"Rap",21.8869791668753,10.8914992976681,8.33200384736485,NA,437,NA,856.5,NA,648.5,NA,4025.5,196.70004,72.06,1.4949938,6.8241205,14.1420644177065,52.448275154544,0,0.722507488232777,0.649119213437116,1.81950431034483,NA,NA,NA,13.34
"73",344,"Bar",25.7659003978422,18.7742799249622,14.4687460735637,NA,330,NA,1028.5,NA,566,NA,4909,199.29083,74.02,3.0325541,5.8825154,14.1419920646236,52.448667792781,0,0.79324200913242,0.653557894736842,1.86203052649631,NA,NA,NA,10.26
"68",344,"Rye",14.8907613943042,9.68301333543628,10.579303350242,NA,310,NA,773.5,NA,477,NA,4062,110.22955,71.21,1.4497089,6.0747347,14.1412604537066,52.4469128433194,4,0.789821546596167,0.680074449384759,1.94836956521739,NA,NA,NA,16.1866666666667
"66",344,"Fal",21.9343385343182,12.726931516515,12.6960847614698,NA,296,NA,492,NA,690.5,NA,1458,90.0046,72.95,2.7193222,5.8198705,14.1410482157739,52.447947700967,0,0.357225971608099,0.495384615384615,0.56734180958013,NA,NA,NA,5.40666666666667
"60",344,"Woats",17.1306178672208,6.79871463557071,4.59165388999927,NA,313.5,NA,802,NA,438.5,NA,2736,319.39972,72.4,2.6392844,6.86139,14.1404007015269,52.445933060942,4,0.723736021420696,0.54663651780667,1.90395292947709,NA,NA,NA,7.12
"59",344,"CC3",13.8649297334067,9.33422998050003,11.5958168691283,NA,280.5,NA,877.5,NA,488.5,NA,3708.5,126.46646,72.13,2.047798,6.1038136,14.1402688535202,52.4465861372316,4,0.767214677150346,0.617313563017881,1.7743979721166,NA,NA,NA,16.91
"58",344,"Fal",22.0366781713173,13.0799689240827,14.8751841088889,NA,360.5,NA,732,NA,800.5,NA,1725.5,109.97992,75.08,1.6760719,6.965665,14.1400659815903,52.4474708151722,4,0.366191607284244,0.404272634791455,0.604456642488401,NA,NA,NA,28.2033333333333
"51",344,"Fal",15.4839909851447,9.08139567295635,8.0410596445848,NA,305,NA,562.5,NA,652,NA,1556,142.12099,72.66,0.81654674,4.944166,14.1393434424512,52.4458643526286,4,0.409420289855072,0.468963889544489,0.71035674996071,NA,NA,NA,6.26
"50",344,"Rap",21.3145475787982,13.9640340437628,13.5210190034018,NA,350,NA,810,NA,638.5,NA,3550.5,140.4368,75.26,2.1358428,4.898529,14.1391503869496,52.4467583166469,2,0.695153974695631,0.628482972136223,1.53021544929059,NA,NA,NA,3.78333333333333
"49",344,"CC3",25.2984843986647,18.2084499192597,15.411743749948,NA,278,NA,740,NA,400,NA,3354.5,0,77.08,1.4321835,4.7876196,14.1387913590246,52.4473816685676,2,0.786922359834865,0.638539504212969,2.01232802070563,NA,NA,NA,12.7433333333333
"40",344,"Fal",20.6045681527236,14.2409960949281,13.0506397759868,NA,260,NA,576.5,NA,691.5,NA,1782,173.67473,74.38,0.64869124,10.542628,14.1380916274437,52.4466804094467,2,0.440873256519102,0.511129955480178,0.684643395278754,NA,NA,NA,5.60666666666667
"39",344,"Bar",27.1269015724947,19.8905484815477,13.9123789403812,NA,331.5,NA,904,NA,517,NA,3724.5,256.4272,76.14,2.1354916,7.777892,14.1379889453182,52.4473215672708,2,0.756218318990923,0.609376687911851,1.8471062482004,NA,NA,NA,11.7333333333333
"21",344,"Bar",24.9628727875717,16.4273897635666,15.3851645048688,NA,345,NA,966.5,NA,618,NA,4461.5,186.63504,77.64,3.0973403,4.3031917,14.1361661431791,52.4456346956956,5,0.756668963480658,0.643883566691231,1.72107289987462,NA,NA,NA,9.6
"20",344,"Rap",23.3775831777523,13.8127134682817,13.9745201456429,NA,375,NA,793.5,NA,616.5,NA,3075.5,91.84943,79.5,2.2202392,7.0344896,14.13579069427,52.4462646980126,5,0.666034669555796,0.589816490049108,1.55122382033813,NA,NA,NA,5.22
"19",344,"Fal",22.269265931693,10.571303181229,11.7193868461103,NA,317.5,NA,590,NA,692,NA,1572.5,60.945396,78.88,2.2109225,6.087723,14.1356152463121,52.4471455920046,5,0.388827555751822,0.454335260115607,0.658219331688719,NA,NA,NA,12.0633333333333
"13",344,"CC3",24.1458614344767,17.5968765371135,13.793222702438,NA,299.5,NA,529.5,NA,603,NA,1386.5,85.596664,80.89,1.8668156,4.52244,14.1349516888755,52.4464441423173,5,0.393817542096004,0.447286012526096,0.709884932499773,NA,NA,NA,11.7833333333333
"12",344,"Fal",23.9616549166374,14.9877611697494,13.9960952221651,NA,370.5,NA,548.5,NA,602,NA,1402.5,62.359627,80.96,1.6974497,4.2121434,14.134927465579,52.4464441423173,5,0.399351459216762,0.437724243977447,0.8947133117246,NA,NA,NA,4.63
"12",293,"Maiz",16.4290003756401,8.64956847810019,11.9901501361756,864,933.333333333333,948.333333333333,1041,1047.66666666667,1174.66666666667,1368.66666666667,2064,62.359627,80.96,1.6974497,4.2121434,14.134927465579,52.4464441423173,5,0.274598600247015,0.329468599033816,1.05221643792396,0.202563604583414,-0.0483459908432895,216814.115045057,2.82
"13",285,"Soy",10.5615193725834,7.68345827000419,13.7754635415563,355,367,477,605,678,749,1060,1821,85.596664,80.89,1.8668156,4.52244,14.1349516888755,52.4464441423173,5,0.417120622568093,0.50123660346249,0.752069594499789,0.264144394307532,-0.0782519881490722,316000.155642023,3.73666666666667
"21",189,"Bar",13.060891318483,10.7422061656428,12.4177673689389,NA,988.333333333333,NA,1489,NA,2064.33333333333,NA,3364.66666666667,186.63504,77.64,3.0973403,4.3031917,14.1361661431791,52.4456346956956,5,0.239516178547308,0.386443238788545,0.389827121015289,NA,NA,NA,13.06
"39",189,"Bar",17.4251972189182,12.3110783923126,13.633082742855,NA,984.666666666667,NA,1448.66666666667,NA,1979.33333333333,NA,3190.66666666667,256.4272,76.14,2.1354916,7.777892,14.1379889453182,52.4473215672708,2,0.234300451321728,0.375484983474637,0.394177368969108,NA,NA,NA,4.2
"49",285,"Soy",10.7122264319776,10.8969620555619,14.0852606844638,630,700,943,1024,1264,1320,1731,2811,0,77.08,1.4321835,4.7876196,14.1387913590246,52.4473816685676,2,0.360929557007988,0.465971316818774,0.679952572053995,0.23778071334214,-0.071859587378569,703013.177196805,2.96666666666667
"59",256,"Sun",7.96706130702787,4.68322387836763,6.18439661068275,285,687,819,932,971,1131,1430,2285,126.46646,72.13,2.047798,6.1038136,14.1402688535202,52.4465861372316,4,0.337822014051522,0.420578178427106,0.736063273376706,0.230148048452221,-0.0650549656699058,397371.927400468,1.18333333333333
"66",293,"Maiz",17.3732841649765,9.6515822773526,11.0980597247928,980.333333333333,955,1037,1175,1195.66666666667,1289.33333333333,1643,2446.33333333333,90.0046,72.95,2.7193222,5.8198705,14.1410482157739,52.447947700967,0,0.309717141072544,0.351067746686303,0.95751724137931,0.196446038474079,-0.065255864812313,408462.398857857,6.22333333333333
"73",189,"Bar",14.4456622978751,12.2251307329748,12.9445976911157,NA,958.666666666667,NA,1437.66666666667,NA,1965.66666666667,NA,3125.33333333333,199.29083,74.02,3.0325541,5.8825154,14.1419920646236,52.448667792781,0,0.22778759903097,0.369859010884652,0.375037730153939,NA,NA,NA,4.28333333333333
"76",293,"Maiz",12.8854809328565,7.2710083118847,4.46126866911414,931.333333333333,939,971.666666666667,1079,1063,1183.66666666667,1418.66666666667,2124,146.28304,70.67,0.51658386,5.4020534,14.1421135609982,52.4467136260298,4,0.284289025496322,0.326256634405245,1.07614251926452,0.19909672563041,-0.0534775828067241,241183.449304086,9.46666666666667
"81",285,"Soy",13.1426488709831,10.0157825492956,13.3173754566262,612,800,1017,1113,1372,1545,1891,2602,142.12816,74.82,2.448353,4.944151,14.1430031008383,52.4489951928179,0,0.254883047986496,0.400807537012113,0.449940405244338,0.158246160694414,-0.0678736764811754,595690.230045816,3.80333333333333
"89",256,"Sun",10.6644372279432,7.36848921323768,8.24939425444262,432,647,771,861,996,1129,1378,2282,128.29315,71.99,1.7330164,7.3268886,14.1439102253741,52.4484097848587,3,0.338024039871006,0.452115812917595,0.685574979188964,0.246994535519126,-0.0602886816394974,391284.121665201,0.636666666666667
"95",293,"Maiz",12.2956049558196,7.6459757483779,6.80674866400411,958.666666666667,904.666666666667,1027,1117.33333333333,1077.33333333333,1123,1479.66666666667,2250,159.44875,70.74,1.2238753,7.0242953,14.1452327097831,52.4485049887166,3,0.33412392528906,0.336369035834488,1.27835753176044,0.206542139601394,-0.0671162457703502,314403.819843858,3.90333333333333
"115",293,"Maiz",14.1987823124393,8.17295086550364,4.81510074648802,921.333333333333,852.333333333333,919.666666666667,1047,1023,1062.66666666667,1358,2282,135,67.78,0.8104037,5.357184,14.1494371687234,52.4488110440192,1,0.364560494319314,0.370982276960048,1.34495183469373,0.253846153846154,-0.0594935151358501,272674.844528603,7.28
"119",256,"Sun",9.40415621332827,6.8028893885196,7.88266888271772,347,561,697,811,857,978,1224,1910,299.05707,69.33,1.4743903,5.0462446,14.1504930684504,52.4488922986153,1,0.322714681440443,0.403895626607865,0.652386952260955,0.218889597957881,-0.0638516155489433,271227.167590028,1.09333333333333
"12",343,"Whe",19.4042794471722,8.48581475270487,11.9555263295797,2351,2296,2320,2455,2548,2628,2549,3116,62.359627,80.96,1.6974497,4.2121434,14.134927465579,52.4464441423173,5,0.084958217270195,0.118650152575839,0.732732732732733,0.10008826125331,0.00748411326118531,39962.3064066852,2.78666666666667
"13",346,"Fal",16.4369863816405,8.9463321752162,13.8204384783781,635.5,453.5,444.5,701,645,723,993.5,1806,85.596664,80.89,1.8668156,4.52244,14.1349516888755,52.4464441423173,5,0.428232502965599,0.440765855604308,0.986788154897494,0.290230398285408,-0.0679696951404856,212249.693060498,4.01333333333333
"19",343,"Rap",14.2148042320499,8.60618981313992,9.93643424136075,2282,2210,2319,2321,2233,2040,2948,4929,60.945396,78.88,2.2109225,6.087723,14.1356152463121,52.4471455920046,5,0.414550150667241,0.359724137931034,12.1386554621849,0.251491684651517,-0.0721092257049659,1369533.99440379,3.96
"20",343,"Bar",15.9626940993137,11.564785994676,14.5894393455126,864,938,1009,1137,1015,798,1667,3699,91.84943,79.5,2.2202392,7.0344896,14.13579069427,52.4462646980126,5,0.645096731154103,0.529776674937965,4.99139710942877,0.378680581438688,-0.0757197684408608,958691.154102735,1.62
"21",346,"CC3",15.0442394416677,10.6193736764126,12.5424793780125,592,575.5,612,1041,867,812.5,1615,3231,186.63504,77.64,3.0973403,4.3031917,14.1361661431791,52.4456346956956,5,0.598120440212687,0.512640449438202,1.59500098925015,0.333470903838217,-0.0815569387789159,911860.928403611,1.86333333333333
"39",343,"CC3",17.4333907433769,11.9347257400092,13.6377851730094,612,466,654,798,669,434,1356,3725,256.4272,76.14,2.1354916,7.777892,14.1379889453182,52.4473215672708,2,0.791295984611685,0.647136856068981,2.9021164021164,0.466246801810667,-0.0599842210971954,951083.965376292,6.21
"49",343,"Fal",15.8914077565354,10.9520493060026,14.0161021945163,964,728,790,890,1004,894,922,1511,0,77.08,1.4321835,4.7876196,14.1387913590246,52.4473816685676,2,0.256548856548857,0.258642232403165,1.08933615819209,0.242087957254418,-0.0100256430819425,14875.7288981289,3.93
"50",343,"Bar",14.5561855614113,11.3085024075946,13.4468697883902,1015,824,978,1185,1106,849,1852,3998,140.4368,75.26,2.1358428,4.898529,14.1391503869496,52.4467583166469,2,0.649680214565711,0.542735867258345,2.70254033642293,0.366837606837607,-0.077765676641077,1316043.56736125,1.57333333333333
"51",346,"Rye",14.811692736623,6.17279706848923,5.77193318964624,457,406.5,474,801.5,498,346,1199,3949,142.12099,72.66,0.81654674,4.944166,14.1393434424512,52.4458643526286,4,0.838882421420256,0.662561835596253,3.02544294231254,0.534188034188034,-0.0489798105629221,667078.252910361,3.94666666666667
"58",343,"Rap",12.8793737742411,8.29937791855071,12.0789484735624,1929,1668,1965,2007,1784,1684,2543,4961,109.97992,75.08,1.6760719,6.965665,14.1400659815903,52.4474708151722,4,0.493152746425884,0.423938002296211,3.2052034428795,0.322228144989339,-0.0696372758599969,1202700.91798345,23.4333333333333
"59",343,"Woats",13.6756950050179,6.59007924560842,5.51203275280468,1797,1512,1718,1926,1675,1497,2325,4432,126.46646,72.13,2.047798,6.1038136,14.1402688535202,52.4465861372316,4,0.495024456063417,0.394149103491664,3.53614457831325,0.311824774308125,-0.0708148854514331,839635.236127509,2.72
"60",346,"CC3",9.63277748685764,5.81309304176725,5.1429578606291,444,353,227.5,467.5,441.5,389,827,1515,319.39972,72.4,2.6392844,6.86139,14.1404007015269,52.445933060942,4,0.591386554621849,0.528373266078184,2.34095634095634,0.293766011955593,-0.0878228251297189,275215.187237395,3.11333333333333
"65",343,"Rap",18.4179171341671,10.118585623046,7.10744874204425,971,767,983,1123,999,727,1671,4265,33.66317,73.35,0.51652324,7.0116086,14.1408841089601,52.4488366903575,0,0.708733974358974,0.583147735708983,3.07598678490697,0.436994609164421,-0.0687961143440382,1085151.09294872,13.9566666666667
"66",343,"Whe",18.9656896375153,9.73524926650758,11.1642783787448,2339,1939,2086,2363,2297,2187,2396,3275,90.0046,72.95,2.7193222,5.8198705,14.1410482157739,52.447947700967,0,0.19919443427316,0.16175948918056,1.46591215305847,0.154999118321284,-0.0250437120321432,31282.888319297,24.67
"73",343,"CC3",14.5594407389291,12.0363254278901,13.0406162908326,807,455,596,857,653,473,1568,3810,199.29083,74.02,3.0325541,5.8825154,14.1419920646236,52.448667792781,0,0.779126780294186,0.63274051853439,2.57763015603275,0.416883599851246,-0.0637859305403925,1343350.91641373,1.85333333333333
"74",343,"Bar",15.711487737737,8.74942792728929,7.76927326434981,999,797,921,1060,906,716,1629,4421,196.70004,72.06,1.4949938,6.8241205,14.1420644177065,52.448275154544,0,0.721238076698462,0.613209268381682,3.37985769020252,0.461487603305785,-0.0667030672083561,1103523.82810979,3.92
"76",346,"Fal",15.9786156948655,9.31973474212682,4.39618798312096,578,528,476.5,821,664,920.5,1109.5,1690.5,146.28304,70.67,0.51658386,5.4020534,14.1421135609982,52.4467136260298,4,0.294906166219839,0.346207445749552,0.591488707942848,0.2075,-0.0550128730874255,164247.768096515,5.31666666666667
"81",343,"Fal",15.3267158970941,11.4063062237398,13.4782493562806,937,565,721,861,940,994,1329,1793,142.12816,74.82,2.448353,4.944151,14.1430031008383,52.4489951928179,0,0.286688195191963,0.351168048229088,0.567390995597216,0.14862267777066,-0.0778821987786838,293832.465016146,5.07
"89",343,"Woats",12.874917439289,7.41897639999594,7.89701438960159,1701,1316,1531,1706,1429,1363,2059,4084,128.29315,71.99,1.7330164,7.3268886,14.1439102253741,52.4484097848587,3,0.499541031760602,0.410708117443869,2.842666109486,0.329643496662868,-0.067608260809193,663912.51055627,2.59
"90",343,"CC3",9.72051929953633,3.13601341485036,5.01847282478595,695,454,590,720,523,342,1191,3458,183.36948,70.16,1.2195559,5.236072,14.1443648851581,52.4475387689377,3,0.82,0.655337482048827,3.69895536562203,0.487631748763175,-0.0542663444073388,738066.42,0.773333333333333
"95",343,"Fal",13.3927797472557,9.84490654375904,7.28820451357457,769,508,577,683,731,748,1066,1859,159.44875,70.74,1.2238753,7.0242953,14.1452327097831,52.4485049887166,3,0.426160337552743,0.462627852084972,1.09436564223798,0.271111111111111,-0.0753842373917676,285470.746835443,13.1
"96",343,"CC3",8.0675798535824,6.28948018048062,7.98869919747521,631,420,527,625,399,337,981,3779,144.45996,70.21,0.61588645,4.5330696,14.1450955727014,52.4478419588227,3,0.836248785228377,0.716167120799273,3.2447209653092,0.58781512605042,-0.0482029664268542,478113.535471331,3.16333333333333
"102",343,"Rye",14.241798770086,6.89803225484565,11.5774462141347,776,674,954,956,800,626,1528,4339,89.98907,69.8,1.1455706,5.298674,14.1461502169532,52.4479197247163,3,0.747834843907351,0.63890462700661,3.05244985202236,0.479120504516789,-0.0641313278980263,1062559.64229607,12.4366666666667
"105",343,"CC3",7.62430977116753,6.89666781728013,9.63770068839297,632,393,492,616,431,276,1213,3780,84.80127,70.43,0.79113495,4.282639,14.1472057063592,52.4493017352567,1,0.863905325443787,0.719745222929936,3.51877887125929,0.514119767674745,-0.0456192850997223,943309.455621302,3.23666666666667
"110",343,"CC3",9.51863452464065,4.26475055545144,9.24791442777419,721,460,442,617,601,400,1152,2611,279.45758,70.19,1.7419513,5.690326,14.1482420623016,52.4493808888657,1,0.73430753902358,0.617719950433705,3.5387323943662,0.387722561785809,-0.071646382149625,694959.669545002,1.44333333333333
"114",343,"Rye",11.8978145540844,6.63988904585901,11.0492209051629,798,574,764,1013,678,512,1496,4715,82.691864,70,2.813887,6.1040874,14.1493077762792,52.4494639260661,1,0.804094126650086,0.646298882681564,3.01679586563308,0.518274029946868,-0.0550098194322149,974439.055098527,6.15666666666667
"115",343,"Fal",15.681086959126,10.1914545411752,4.93688029738616,1066,916,877,1063,1019,1091,1202,2096,135,67.78,0.8104037,5.357184,14.1494371687234,52.4488110440192,1,0.315343583307185,0.327002215891105,1.417089678511,0.27107337780473,-0.0287041154542687,99281.1970505177,7.25
"119",343,"Woats",15.3667627870379,6.69405908479993,8.27295697567891,729,591,757,879,722,554,1214,3160,299.05707,69.33,1.4743903,5.0462446,14.1504930684504,52.4488922986153,1,0.701669359181476,0.564743748452587,3.1741778319123,0.444901691815272,-0.0673216558976444,491978.979536887,3.35
"12",58,"Whe",25.9006506204553,21.7931437530346,22.6250211186416,455.666666666667,492,652.666666666667,764.333333333333,845.333333333333,840.333333333333,1266,2138.66666666667,62.359627,80.96,1.6974497,4.2121434,14.134927465579,52.4464441423173,5,0.435828577822535,0.473418302905041,0.929594272076372,0.256314861954181,-0.0822481114913249,443913.440068131,30.2533333333333
"13",58,"Fal",23.247614493697,20.5120592305274,21.8067435535311,439.666666666667,477.333333333333,636.666666666667,760,844,837.666666666667,1272.66666666667,2102.66666666667,85.596664,80.89,1.8668156,4.52244,14.1349516888755,52.4464441423173,5,0.430223330688131,0.469026548672566,0.890928725701944,0.245901639344262,-0.083978962734808,448327.319653856,19.0433333333333
"19",58,"Rap",27.0609338794567,20.6021966624217,22.5240322295556,438.666666666667,446.666666666667,607.666666666667,735,832.666666666667,777,1296,2417.33333333333,60.945396,78.88,2.2109225,6.087723,14.1356152463121,52.4471455920046,5,0.513513513513513,0.533678756476684,1.09932088285229,0.30197486535009,-0.0842760992749858,585092.675675676,5.32
"20",58,"Bar",27.113355192422,20.3955172388963,23.2838003347852,414.666666666667,441,682,833.666666666667,809.333333333333,644.333333333333,1314,3368,91.84943,79.5,2.2202392,7.0344896,14.13579069427,52.4462646980126,5,0.678823627149622,0.603173343911146,1.73371525567579,0.438701409653994,-0.0704959950447392,700271.663048194,6.73666666666667
"21",58,"CC3",25.7615753649027,20.1636266252014,20.9052431893686,432.666666666667,510.333333333333,724,868.333333333333,1008.66666666667,969,1563,2846.33333333333,186.63504,77.64,3.0973403,4.3031917,14.1361661431791,52.4456346956956,5,0.492049624322908,0.532483847810481,0.970934041306072,0.291049289386151,-0.084485379181296,831055.195138525,2.99
"40",58,"Whe",21.168811992159,19.5777989703969,19.8891886630979,414.666666666667,485,624,750.666666666667,840,784,1265,2200.66666666667,173.67473,74.38,0.64869124,10.542628,14.1380916274437,52.4466804094467,2,0.474648201920929,0.491303365710413,1.08368606252231,0.26998172549774,-0.0851499412338626,492079.446181719,33.0033333333333
"49",58,"Fal",25.390376042828,20.1700919051449,21.9813690182655,482,463.333333333333,592.666666666667,696.666666666667,858.666666666667,868.333333333333,1152.66666666667,1678.66666666667,0,77.08,1.4321835,4.7876196,14.1387913590246,52.4473816685676,2,0.31815207433582,0.413415660959865,0.593274111675127,0.185778196373911,-0.0764660460816113,268296.3716791,17.9866666666667
"59",58,"Woats",14.6453778749229,11.3976139825656,14.3291236241095,475,553.333333333333,727.333333333333,902.666666666667,1044.33333333333,1017.33333333333,1561.66666666667,2604.33333333333,126.46646,72.13,2.047798,6.1038136,14.1402688535202,52.4465861372316,4,0.438196042337782,0.48522003611824,0.870193010674075,0.250280044807169,-0.084976363642603,711628.473907041,6.27666666666667
"60",58,"CC3",19.0106655344793,11.5044739726998,9.71999279278206,296.666666666667,312,396,494,583,588,839.666666666667,1387,319.39972,72.4,2.6392844,6.86139,14.1404007015269,52.445933060942,4,0.404556962025316,0.474747474747475,0.77542701863354,0.245808383233533,-0.079813765923745,186502.422672292,2.62666666666667
"65",55,"Rap",27.7100633891076,19.0799186235675,16.0628906782357,430.666666666667,429,595,748,820.666666666667,786.333333333333,1402,2760.33333333333,33.66317,73.35,0.51652324,7.0116086,14.1408841089601,52.4488366903575,0,0.556578947368421,0.573586698337292,1.15795236791678,0.326339392968687,-0.0846020507003941,782605.657894737,22.2533333333333
"73",55,"CC3",26.6759295972121,22.3114756147151,21.4330006034727,447.666666666667,454.333333333333,725.666666666667,839,925,874.333333333333,1486.33333333333,2942.66666666667,199.29083,74.02,3.0325541,5.8825154,14.1419920646236,52.448667792781,0,0.541874072133438,0.556280299691494,1.08127417837103,0.32881764130353,-0.08224386754999,815664.496647551,2.42666666666667
"74",55,"Bar",26.4059398748875,18.0389489650491,17.833647876422,386.666666666667,425.666666666667,702.333333333333,871.333333333333,808.666666666667,676,1446,3785.33333333333,196.70004,72.06,1.4949938,6.8241205,14.1420644177065,52.448275154544,0,0.696951583980873,0.625769506084467,1.67174450697158,0.44717726519689,-0.0700321532667666,928126.397555954,8.73333333333333
"81",55,"Fal",22.6409386963228,19.6984334242706,21.9309468771559,485,461,631.666666666667,739.333333333333,865.333333333333,956,1190.66666666667,1768,142.12816,74.82,2.448353,4.944151,14.1430031008383,52.4489951928179,0,0.298091042584435,0.410263227864929,0.501544163063619,0.195132942767012,-0.0666449389895982,259659.158100832,19.4933333333333
"89",55,"Woats",17.0229030083928,14.2553144053736,17.5762637792185,425.666666666667,424,617,781.666666666667,888.666666666667,829.333333333333,1371,2600.66666666667,128.29315,71.99,1.7330164,7.3268886,14.1439102253741,52.4484097848587,3,0.51642371234208,0.537794421996649,1.00697339498219,0.30960973562736,-0.0830991746914168,655154.860339056,9.06666666666667
"90",55,"CC3",15.4047271384885,11.1944290182426,8.65120969605794,380,324.666666666667,479,577.666666666667,642.333333333333,615,977.666666666667,2028.66666666667,183.36948,70.16,1.2195559,5.236072,14.1443648851581,52.4475387689377,3,0.534737107552641,0.556720808287505,1.07595900142074,0.349595298813616,-0.0768940305005204,332677.77917875,1.40333333333333
"95",55,"Fal",15.3068895555231,10.2333859996725,9.50379915894443,547.666666666667,572.333333333333,743.333333333333,875.333333333333,1067.33333333333,1120.33333333333,1411.33333333333,2072.66666666667,159.44875,70.74,1.2238753,7.0242953,14.1452327097831,52.4485049887166,3,0.298256602985698,0.406151062867481,0.528702024501277,0.189820130118638,-0.0686518361646886,365559.199638097,6.52
"96",55,"CC3",15.5276683794516,9.44562267199147,11.4714714162244,371.333333333333,339.333333333333,451,559,688,719.333333333333,962.333333333333,1623.66666666667,144.45996,70.21,0.61588645,4.5330696,14.1450955727014,52.4478419588227,3,0.385972400056907,0.487782529016494,0.665799548444095,0.255736014436711,-0.0731960033383295,236834.380107807,5.94666666666667
"102",55,"Rye",18.3253409013708,14.0340452011077,16.2377434599316,478.333333333333,363,612.666666666667,731,743,633,1327.33333333333,3740.33333333333,89.98907,69.8,1.1455706,5.298674,14.1461502169532,52.4479197247163,3,0.710518292682927,0.673028179513941,1.61274696377288,0.476156021837795,-0.0680626730942968,872127.652015582,3.03333333333333
"105",55,"CC3",18.4298327056877,12.3183833177795,15.1501075093262,428,295.333333333333,402,513.333333333333,591.333333333333,601,916.333333333333,1668.66666666667,84.80127,70.43,0.79113495,4.282639,14.1472057063592,52.4493017352567,1,0.470406814510207,0.529483654139933,0.872086691352646,0.29103803997421,-0.0815074453827529,271027.551818671,5.18333333333333
"110",55,"CC3",16.8476526919747,13.2694098383809,16.4828671365445,367,381.666666666667,480,601,664.666666666667,649,1075,2141.33333333333,279.45758,70.19,1.7419513,5.690326,14.1482420623016,52.4493808888657,1,0.534822601839685,0.561687127750091,1.17549755815785,0.331536946833869,-0.0813430132282984,424875.91064389,2.55666666666667
"114",55,"Rye",16.9790231882595,14.6207778466803,18.4076496677385,416.333333333333,393.333333333333,600,747.666666666667,732.666666666667,625,1427,3848.33333333333,82.691864,70,2.813887,6.1040874,14.1493077762792,52.4494639260661,1,0.720566318926975,0.674644618508848,1.73322340120447,0.458991532920511,-0.069617848488204,1064509.59629078,3.25333333333333
"115",55,"Fal",18.3906084458794,13.4619752999489,10.8011708433752,507,517.333333333333,623,760.333333333333,900.333333333333,981,1193.33333333333,1974.33333333333,135,67.78,0.8104037,5.357184,14.1494371687234,52.4488110440192,1,0.33611549740582,0.443929790346173,0.623744139316812,0.246553719877933,-0.0592342696987298,284332.759605985,16.13
"119",55,"Woats",16.9156618804485,11.237724224198,14.1584254835098,393.666666666667,392.666666666667,602.666666666667,721.666666666667,783,704.333333333333,1356.66666666667,2645.33333333333,299.05707,69.33,1.4743903,5.0462446,14.1504930684504,52.4488922986153,1,0.579460642850035,0.571329571329571,1.23557121032083,0.322005663834749,-0.0859697485379191,764738.354562643,5.25
